Model,Features,Accuracy,Precision (W),Recall (W),F1 (Macro),F1 (Weighted),Inference Time (s),Avg Time/Sample (s),Memory (MB),CPU (%)
Baseline (No GA),39,0.9746963562753036,0.9746708139530753,0.9746963562753036,0.9427637139686539,0.974615276720594,0.09250589999282965,2.340736335850953e-05,0.0,54.5
